"id","splength","OSPAN_span","OSPAN_answer","OSPAN_partial_credit","OSPAN_all_or_nothing","OSPAN_processing"
"ID_DA7WNR6UUJ",4,"PFJR","PFJR",4,1,0.96
"ID_DA7WNR6UUJ",3,"LRP","LRP",3,1,0.96
"ID_DA7WNR6UUJ",7,"YRNKSTP","YRNKST",6,0,0.96
"ID_DA7WNR6UUJ",5,"YNQPR","YQP0R",2,0,0.96
"ID_DA7WNR6UUJ",6,"LKPRTS","LKPRTS",6,1,0.96
"ID_GIOUY7YO6T",6,"QFHYKR","Q0000S",1,0,0.8
"ID_GIOUY7YO6T",7,"JTSHLKN","JKN00",1,0,0.8
"ID_GIOUY7YO6T",4,"NYRF","NJF",1,0,0.8
"ID_GIOUY7YO6T",5,"JRFLK","JNK",1,0,0.8
"ID_GIOUY7YO6T",3,"FYH","FJH",2,0,0.8
"ID_8FJT1TWFYF",5,"TRNSL","TRS0",2,0,1
"ID_8FJT1TWFYF",4,"LNTJ","0NTY",2,0,1
"ID_8FJT1TWFYF",7,"FKSJRNL","FSRNL",1,0,1
"ID_8FJT1TWFYF",6,"LHPKTR","LHPK",4,0,1
"ID_8FJT1TWFYF",3,"KSQ","KSQ",3,1,1
"ID_FX5NBRVNAF",5,"JRQTN","JRQTN",5,1,1
"ID_FX5NBRVNAF",3,"LNQ","LNQ",3,1,1
"ID_FX5NBRVNAF",7,"YHQJRLN","YHQNRLP",5,0,1
"ID_FX5NBRVNAF",4,"LNPR","LNPR",4,1,1
"ID_FX5NBRVNAF",6,"TPNQLS","TPNQLS",6,1,1
"ID_WFKQ9MYYWT",4,"FLPT","FLPT",4,1,0.96
"ID_WFKQ9MYYWT",5,"YTPRF","YTPRF",5,1,0.96
"ID_WFKQ9MYYWT",3,"SYP","SYP",3,1,0.96
"ID_WFKQ9MYYWT",7,"YJRPQLS","YJRPQLS",7,1,0.96
"ID_WFKQ9MYYWT",6,"JPLTKY","JPLTKY",6,1,0.96
"ID_2MV216U4QI",7,"QJNHLFT","QJNHLFT",7,1,0.92
"ID_2MV216U4QI",4,"TQJY","JY",0,0,0.92
"ID_2MV216U4QI",5,"NQTHL","NQTHL",5,1,0.92
"ID_2MV216U4QI",6,"RLNFSQ","RLNFSQ",6,1,0.92
"ID_2MV216U4QI",3,"QHY","QHY",3,1,0.92
"ID_WSZ3527JAZ",5,"PYKFS","F00S",0,0,0.96
"ID_WSZ3527JAZ",7,"SQTJPFY","SQT0PFY",6,0,0.96
"ID_WSZ3527JAZ",6,"HJRPLK","HJ00PLK",2,0,0.96
"ID_WSZ3527JAZ",4,"QRKY","QRKY",4,1,0.96
"ID_WSZ3527JAZ",3,"TLR","TLR",3,1,0.96
"ID_O2XLX1V6SZ",6,"FTJKSH","FTJKSH",6,1,0.92
"ID_O2XLX1V6SZ",4,"QSPH","QSPH",4,1,0.92
"ID_O2XLX1V6SZ",7,"YLSRNJT","YLSRNJT",7,1,0.92
"ID_O2XLX1V6SZ",5,"HQJFK","HQJFK",5,1,0.92
"ID_O2XLX1V6SZ",3,"TSY","FSY",2,0,0.92
"ID_8A2NVF1CV8",6,"PHRKTL","PHRKTL",6,1,1
"ID_8A2NVF1CV8",3,"PHN","PHN",3,1,1
"ID_8A2NVF1CV8",5,"YKHRJ","YKHRJ",5,1,1
"ID_8A2NVF1CV8",7,"LFJTYSP","LFJTYSP",7,1,1
"ID_8A2NVF1CV8",4,"RLST","RLST",4,1,1
"ID_G80GTXPS9B",3,"FYL","FYL",3,1,0.96
"ID_G80GTXPS9B",4,"KLJS","KLJS",4,1,0.96
"ID_G80GTXPS9B",6,"YNLKSP","YNJKPS",3,0,0.96
"ID_G80GTXPS9B",7,"PHSKYLT","PHSKYLT",7,1,0.96
"ID_G80GTXPS9B",5,"SHYLN","SHYLN",5,1,0.96
"ID_AMZ7BSQ7K4",3,"YFS","YFS",3,1,0.92
"ID_AMZ7BSQ7K4",5,"QPTLS","QPTLS",5,1,0.92
"ID_AMZ7BSQ7K4",7,"PFHJRTN","PJHFRN",3,0,0.92
"ID_AMZ7BSQ7K4",4,"JKFR","JKFR",4,1,0.92
"ID_AMZ7BSQ7K4",6,"YLKHNS","YLKHNS",6,1,0.92
"ID_88SKPI1XJO",6,"LJSYRQ","LJSYRQ",6,1,0.88
"ID_88SKPI1XJO",3,"JKH","JKH",3,1,0.88
"ID_88SKPI1XJO",7,"RPQSYTH","RPQSYTH",7,1,0.88
"ID_88SKPI1XJO",5,"PHYFR","PHYFR",5,1,0.88
"ID_88SKPI1XJO",4,"LKNJ","LKNJ",4,1,0.88
"ID_542LNPOBAC",5,"FJLHK","FJLHK",5,1,0.92
"ID_542LNPOBAC",7,"KFJPHTY","JPHTY",0,0,0.92
"ID_542LNPOBAC",6,"JYFQLR","JYQLR",2,0,0.92
"ID_542LNPOBAC",3,"YTP","YTP",3,1,0.92
"ID_542LNPOBAC",4,"NQPR","NQPR",4,1,0.92
"ID_IQTE04H92U",4,"PKFQ","PKFQ",4,1,1
"ID_IQTE04H92U",3,"YPJ","YPJ",3,1,1
"ID_IQTE04H92U",6,"TQNFHY","TQNFHY",6,1,1
"ID_IQTE04H92U",7,"LQFRPYK","LQFRPYK",7,1,1
"ID_IQTE04H92U",5,"TPLYF","TPLYF",5,1,1
"ID_ATXVP32BHN",3,"KPH","KPH",3,1,1
"ID_ATXVP32BHN",6,"NJSQFK","NJSQFK",6,1,1
"ID_ATXVP32BHN",4,"TNQF","TNQF",4,1,1
"ID_ATXVP32BHN",7,"JYSPFTH","JYSPFTH",7,1,1
"ID_ATXVP32BHN",5,"TFLJP","TFLJP",5,1,1
"ID_9ZHG99I0OF",3,"QFK","QFK",3,1,1
"ID_9ZHG99I0OF",7,"YLJRQKF","YLJ0KF",3,0,1
"ID_9ZHG99I0OF",4,"QFJL","QFJL",4,1,1
"ID_9ZHG99I0OF",6,"TFLHKJ","TFLHKJ",6,1,1
"ID_9ZHG99I0OF",5,"TQYKH","TQYHK",3,0,1
"ID_D88MGY411T",7,"SLJQNKT","SLJQN0000000",5,0,1
"ID_D88MGY411T",3,"TNJ","TNJ",3,1,1
"ID_D88MGY411T",4,"RQHP","RQHP",4,1,1
"ID_D88MGY411T",5,"SKNTL","SKNTL",5,1,1
"ID_D88MGY411T",6,"TQYNJS","TQYNJS",6,1,1
"ID_2A1N4L2PJ7",6,"KRSLQF","KRSLQF",6,1,0.96
"ID_2A1N4L2PJ7",4,"RYQS","RYQS",4,1,0.96
"ID_2A1N4L2PJ7",3,"RJQ","RJQ",3,1,0.96
"ID_2A1N4L2PJ7",7,"FTPQSKH","RTPQH",3,0,0.96
"ID_2A1N4L2PJ7",5,"TSKQY","TSKQY",5,1,0.96
"ID_Z6DVYXONQR",3,"KRY","RKY",1,0,1
"ID_Z6DVYXONQR",6,"FYHKPT","FYHKPT",6,1,1
"ID_Z6DVYXONQR",4,"KFQP","KFQP",4,1,1
"ID_Z6DVYXONQR",5,"FKYPR","FKYPR",5,1,1
"ID_Z6DVYXONQR",7,"RQKSYFP","RQKSYP",5,0,1
"ID_65HG0IT72K",6,"LPJFNH","LPJFNH",6,1,1
"ID_65HG0IT72K",3,"SYQ","SYQ",3,1,1
"ID_65HG0IT72K",4,"SNFH","SNFH",4,1,1
"ID_65HG0IT72K",5,"PHQSK","PHQSK",5,1,1
"ID_65HG0IT72K",7,"NJYQPRF","NJYQPRF",7,1,1
"ID_BCO1E1NQAZ",7,"KJYRFTH","KJYRFTH",7,1,1
"ID_BCO1E1NQAZ",5,"RLYFH","RLYFH",5,1,1
"ID_BCO1E1NQAZ",6,"KPRQYL","KPRQYL",6,1,1
"ID_BCO1E1NQAZ",3,"RPS","RPS",3,1,1
"ID_BCO1E1NQAZ",4,"FSYP","FSYP",4,1,1
"ID_6SZWDP0P72",7,"YNKSJLQ","YNK0R0Q",4,0,0.92
"ID_6SZWDP0P72",5,"FJLPY","FJLPY",5,1,0.92
"ID_6SZWDP0P72",6,"HFNQTS","HFNQTS",6,1,0.92
"ID_6SZWDP0P72",3,"RPJ","FRJ",1,0,0.92
"ID_6SZWDP0P72",4,"FSNY","FSNY",4,1,0.92
"ID_8JF6W68KMZ",7,"RFNPYTS","RFNPYT",6,0,1
"ID_8JF6W68KMZ",4,"SFKR","SFKR",4,1,1
"ID_8JF6W68KMZ",6,"NTJQYP","NTRQYP",5,0,1
"ID_8JF6W68KMZ",5,"SLTHR","SLTHR",5,1,1
"ID_8JF6W68KMZ",3,"RLF","RLF",3,1,1
"ID_Z7DYQXI3IK",4,"HJRL","HJRL",4,1,0.96
"ID_Z7DYQXI3IK",6,"QPNKYF","QPNKYF",6,1,0.96
"ID_Z7DYQXI3IK",3,"KLT","KLT",3,1,0.96
"ID_Z7DYQXI3IK",7,"FHQJNSR","FHQJNSR",7,1,0.96
"ID_Z7DYQXI3IK",5,"KSHTN","KSHTN",5,1,0.96
"ID_V5CS6DMAE8",5,"LQHPF","LQHPF",5,1,0.96
"ID_V5CS6DMAE8",4,"QTSN","QTSN",4,1,0.96
"ID_V5CS6DMAE8",6,"SFLQNY","SFTY",2,0,0.96
"ID_V5CS6DMAE8",7,"PSLQJYN","PSLQJN",5,0,0.96
"ID_V5CS6DMAE8",3,"KLR","KLR",3,1,0.96
"ID_W289I88TVV",4,"NPKJ","NPKJ",4,1,0.96
"ID_W289I88TVV",7,"SLNJHFK","SNLJKFH",3,0,0.96
"ID_W289I88TVV",5,"QKHSJ","QKHSJ",5,1,0.96
"ID_W289I88TVV",3,"HPL","HPL",3,1,0.96
"ID_W289I88TVV",6,"QNSYPH","QNSYPH",6,1,0.96
"ID_SR20954QYI",3,"SYF","SYF",3,1,0.92
"ID_SR20954QYI",6,"JQPNFY","SQPNFY",5,0,0.92
"ID_SR20954QYI",4,"YSLQ","SFNQ",1,0,0.92
"ID_SR20954QYI",7,"RPYSJNH","SRYHN",1,0,0.92
"ID_SR20954QYI",5,"HRQPT","SRQPT",4,0,0.92
"ID_UUOXNG0Z3O",7,"PNYKTLF","PNYK0LF",6,0,0.92
"ID_UUOXNG0Z3O",6,"JPSYHN","JPSY00",4,0,0.92
"ID_UUOXNG0Z3O",4,"LFNY","LFNY",4,1,0.92
"ID_UUOXNG0Z3O",3,"RPY","RPY",3,1,0.92
"ID_UUOXNG0Z3O",5,"FYRNH","FY0NH",4,0,0.92
"ID_F7UAQMZBHY",3,"RJL","RJL",3,1,0.96
"ID_F7UAQMZBHY",5,"SLRFQ","SLRFQ",5,1,0.96
"ID_F7UAQMZBHY",6,"TFPJQS","TFPJQS",6,1,0.96
"ID_F7UAQMZBHY",4,"SQLP","SQLP",4,1,0.96
"ID_F7UAQMZBHY",7,"JSLPFKH","JSLPFKH",7,1,0.96
"ID_4TTEJTO2BA",3,"HFR","HFR",3,1,0.96
"ID_4TTEJTO2BA",5,"LRPFN","HLPFN",3,0,0.96
"ID_4TTEJTO2BA",7,"PNHYFSQ","PNHYFSQ",7,1,0.96
"ID_4TTEJTO2BA",4,"HKLF","HKLF",4,1,0.96
"ID_4TTEJTO2BA",6,"YQNFJL","YQNFJL",6,1,0.96
"ID_EY5MYDEAMH",6,"PHQTLY","PHQNTY",4,0,0.88
"ID_EY5MYDEAMH",3,"JYK","JYK",3,1,0.88
"ID_EY5MYDEAMH",4,"HLSF","HNSF",3,0,0.88
"ID_EY5MYDEAMH",7,"FPHTYLK","FPHTNK",4,0,0.88
"ID_EY5MYDEAMH",5,"QHFKT","QHFKT",5,1,0.88
"ID_S1KHWTEBEL",3,"RPJ","RPJ",3,1,0.92
"ID_S1KHWTEBEL",7,"PQNRJKH","PQNRJHK",5,0,0.92
"ID_S1KHWTEBEL",5,"PKRTS","00RTS",3,0,0.92
"ID_S1KHWTEBEL",4,"LPNH","LPNH",4,1,0.92
"ID_S1KHWTEBEL",6,"YTPRLK","YTPRLK",6,1,0.92
"ID_CZNM473ZG0",4,"STNH","STNH",4,1,0.88
"ID_CZNM473ZG0",3,"TRL","TRL",3,1,0.88
"ID_CZNM473ZG0",7,"FKNRQTP","FRNHQT",4,0,0.88
"ID_CZNM473ZG0",5,"SJHQP","SJHQP",5,1,0.88
"ID_CZNM473ZG0",6,"FYJRKP","FYJKP",3,0,0.88
"ID_IHVF03J3AF",4,"PKRH","PKRH",4,1,1
"ID_IHVF03J3AF",5,"SPNLH","SPNLH",5,1,1
"ID_IHVF03J3AF",6,"QRPTSN","QRPTSN",6,1,1
"ID_IHVF03J3AF",3,"TFJ","TFJ",3,1,1
"ID_IHVF03J3AF",7,"YRLTNPH","YTRNLP",2,0,1
"ID_QMZB59EWT1",5,"JQRNS","JQRNS",5,1,1
"ID_QMZB59EWT1",3,"SLJ","JS",0,0,1
"ID_QMZB59EWT1",4,"HLJF","JRNS",0,0,1
"ID_QMZB59EWT1",7,"QSPHYKL","QSPHYRN",5,0,1
"ID_QMZB59EWT1",6,"KJNSFT","TQRNY",0,0,1
"ID_1L8DZMCO7D",4,"RSPK","RSPK",4,1,0.96
"ID_1L8DZMCO7D",7,"NKJSFTR","NKJS0R",4,0,0.96
"ID_1L8DZMCO7D",6,"TQKRHN","TQKRHN",6,1,0.96
"ID_1L8DZMCO7D",3,"QFH","QFH",3,1,0.96
"ID_1L8DZMCO7D",5,"JKQHF","JKQHF",5,1,0.96
"ID_ZUUPXUCZW9",3,"PTL","PTL",3,1,0.84
"ID_ZUUPXUCZW9",6,"PYJSFR","PYJFSR",4,0,0.84
"ID_ZUUPXUCZW9",5,"LSFHN","LSFHN",5,1,0.84
"ID_ZUUPXUCZW9",4,"RLYF","RLYF",4,1,0.84
"ID_ZUUPXUCZW9",7,"YTNQPSJ","YNTQPSJ",5,0,0.84
"ID_VCD9AVU0KK",6,"NJQPSY","0NSQY",0,0,0.96
"ID_VCD9AVU0KK",4,"QKTS","QKST",2,0,0.96
"ID_VCD9AVU0KK",3,"PLR","P0Q",1,0,0.96
"ID_VCD9AVU0KK",5,"TQNJL","PTJ0Q",0,0,0.96
"ID_VCD9AVU0KK",7,"RKFJSPQ","000J0L",1,0,0.96
"ID_F9FT6KKUUQ",3,"FNH","<font style=""vertical-align: inherit;""><font style=""vertical-align: inherit;"">F</font></font><font style=""vertical-align: inherit;""><font style=""vertical-align: inherit;"">H</font></font>",0,0,0.96
"ID_F9FT6KKUUQ",5,"HPJNK","<font style=""vertical-align: inherit;""><font style=""vertical-align: inherit;"">F</font></font><font style=""vertical-align: inherit;""><font style=""vertical-align: inherit;"">H</font></font><font style=""vertical-align: inherit;""><font style=""vertical-align: inherit;"">K</font></font>",0,0,0.96
"ID_F9FT6KKUUQ",7,"YRTPKQF","<font style=""vertical-align: inherit;""><font style=""vertical-align: inherit;"">Y</font></font><font style=""vertical-align: inherit;""><font style=""vertical-align: inherit;"">R</font></font><font style=""vertical-align: inherit;""><font style=""vertical-align: inherit;"">T</font></font><font style=""vertical-align: inherit;""><font style=""vertical-align: inherit;"">P</font></font><font style=""vertical-align: inherit;""><font style=""vertical-align: inherit;"">K</font></font><font style=""vertical-align: inherit;""><font style=""vertical-align: inherit;"">Q</font></font><font style=""vertical-align: inherit;""><font style=""vertical-align: inherit;"">F</font></font>",0,0,0.96
"ID_F9FT6KKUUQ",6,"JNLYTQ","<font style=""vertical-align: inherit;""><font style=""vertical-align: inherit;"">J</font></font><font style=""vertical-align: inherit;""><font style=""vertical-align: inherit;"">N</font></font><font style=""vertical-align: inherit;""><font style=""vertical-align: inherit;"">L</font></font><font style=""vertical-align: inherit;""><font style=""vertical-align: inherit;"">Y</font></font><font style=""vertical-align: inherit;""><font style=""vertical-align: inherit;"">T</font></font><font style=""vertical-align: inherit;""><font style=""vertical-align: inherit;"">Q</font></font>",0,0,0.96
"ID_F9FT6KKUUQ",4,"FTRJ","<font style=""vertical-align: inherit;""><font style=""vertical-align: inherit;"">F</font></font><font style=""vertical-align: inherit;""><font style=""vertical-align: inherit;"">T</font></font><font style=""vertical-align: inherit;""><font style=""vertical-align: inherit;"">R</font></font><font style=""vertical-align: inherit;""><font style=""vertical-align: inherit;"">Y</font></font>",0,0,0.96
"ID_IR4HWFKYB5",3,"QJF","QJF",3,1,0.96
"ID_IR4HWFKYB5",6,"RLYNHJ","RLYH0",3,0,0.96
"ID_IR4HWFKYB5",7,"NKQSTJF","NKQJTF",4,0,0.96
"ID_IR4HWFKYB5",4,"TKHS","TKHS",4,1,0.96
"ID_IR4HWFKYB5",5,"YJKSQ","YJKSQ",5,1,0.96
"ID_V8KMBFO1AB",3,"HLY","HLY",3,1,0.96
"ID_V8KMBFO1AB",6,"SQPNLF","SQPNLF",6,1,0.96
"ID_V8KMBFO1AB",7,"QRHYFJT","QRHJFJS",5,0,0.96
"ID_V8KMBFO1AB",5,"FJRSN","FJRSQ",4,0,0.96
"ID_V8KMBFO1AB",4,"SYPR","SJPR",3,0,0.96
"ID_IE02B4NYUW",4,"JFYK","JFYK",4,1,0.76
"ID_IE02B4NYUW",5,"QPYSF","QPYS0",4,0,0.76
"ID_IE02B4NYUW",6,"LFJQRH","LFJQH",4,0,0.76
"ID_IE02B4NYUW",3,"QPT","QPT",3,1,0.76
"ID_IE02B4NYUW",7,"HLJNRKP","HLJNPK",5,0,0.76
"ID_FUEYQ6SQTW",3,"YFL","YFL",3,1,1
"ID_FUEYQ6SQTW",7,"JSNLRQY","JSNRQY",3,0,1
"ID_FUEYQ6SQTW",5,"JTYKN","JTYK",4,0,1
"ID_FUEYQ6SQTW",4,"FNRT","JFRQ",1,0,1
"ID_FUEYQ6SQTW",6,"TLSQFR","TLSQFR",6,1,1
"ID_T4E06A279T",3,"FJR","FJR",3,1,0.96
"ID_T4E06A279T",4,"LJQY","000Y",1,0,0.96
"ID_T4E06A279T",6,"PJQTHN","PJQTHN",6,1,0.96
"ID_T4E06A279T",7,"QTFJPKL","QPFJTKL",5,0,0.96
"ID_T4E06A279T",5,"PHLFY","PHLFY",5,1,0.96
"ID_UX7TCT7O3M",6,"SNJKPT","SNJKPT",6,1,1
"ID_UX7TCT7O3M",5,"JTLPQ","SKJTLPQ",0,0,1
"ID_UX7TCT7O3M",4,"TNHJ","TNHJ",4,1,1
"ID_UX7TCT7O3M",7,"TFSYJNL","TFSYJL",5,0,1
"ID_UX7TCT7O3M",3,"RNL","RNL",3,1,1
"ID_P9321MGRAD",4,"NYJP","NYJP",4,1,0.96
"ID_P9321MGRAD",3,"JSH","JSH",3,1,0.96
"ID_P9321MGRAD",6,"SFNQTH","SFNQTH",6,1,0.96
"ID_P9321MGRAD",5,"THNRQ","THNRQ",5,1,0.96
"ID_P9321MGRAD",7,"YTJNRKS","YTJNRKH",6,0,0.96
"ID_E97Z6SQM9G",4,"PHKR","PKHR",2,0,0.96
"ID_E97Z6SQM9G",5,"YNSKJ","HNKSJ",2,0,0.96
"ID_E97Z6SQM9G",7,"HQKSJTN","HNKSJQ",4,0,0.96
"ID_E97Z6SQM9G",3,"NJH","0LH",1,0,0.96
"ID_E97Z6SQM9G",6,"HKQTPY","HKQ0Y",3,0,0.96
"ID_VI561L38ZC",4,"HSYF","HSYF",4,1,0.96
"ID_VI561L38ZC",6,"RLTPQK","RLTQK",3,0,0.96
"ID_VI561L38ZC",7,"NSRTFKJ","NSRTFKJ",7,1,0.96
"ID_VI561L38ZC",5,"PLNRJ","PLNRJ",5,1,0.96
"ID_VI561L38ZC",3,"NSL","NSL",3,1,0.96
"ID_OWYA1IN4PU",5,"KPFRY","KPFRY",5,1,0.88
"ID_OWYA1IN4PU",3,"YPH","FH",0,0,0.88
"ID_OWYA1IN4PU",6,"RLJFQK","KRJQF",1,0,0.88
"ID_OWYA1IN4PU",4,"QLRN","QLRN",4,1,0.88
"ID_OWYA1IN4PU",7,"NPJYRKT","QNJYRK",4,0,0.88
"ID_L3VAL1LYYH",3,"HYQ","HYQ",3,1,1
"ID_L3VAL1LYYH",5,"HPTKL","HPTKL",5,1,1
"ID_L3VAL1LYYH",6,"SKTPFH","SKPTFH",4,0,1
"ID_L3VAL1LYYH",7,"KNYHSTQ","KNYHTQ",4,0,1
"ID_L3VAL1LYYH",4,"HFNR","HFNR",4,1,1
"ID_4EL3IBIV0W",6,"KTPSJQ","KTPSJQ",6,1,0.84
"ID_4EL3IBIV0W",7,"RLHFTQP","RLFHTQ",4,0,0.84
"ID_4EL3IBIV0W",4,"FTYH","FTYH",4,1,0.84
"ID_4EL3IBIV0W",5,"TSPHR","TSPHR",5,1,0.84
"ID_4EL3IBIV0W",3,"PRT","PRT",3,1,0.84
"ID_7CABS2E7LR",5,"SHJYL","FHYL",1,0,0.96
"ID_7CABS2E7LR",4,"NSQL","0NFQ",0,0,0.96
"ID_7CABS2E7LR",3,"KNP","0NP",2,0,0.96
"ID_7CABS2E7LR",6,"SKFJLN","000NFQ",0,0,0.96
"ID_7CABS2E7LR",7,"HNSLJFQ","0NSLJFQ",6,0,0.96
"ID_7MDFWYPVZN",6,"RLQTFS","RLQTFS",6,1,0.92
"ID_7MDFWYPVZN",4,"SYRH","SYRH",4,1,0.92
"ID_7MDFWYPVZN",5,"YFTKR","Y0FK",2,0,0.92
"ID_7MDFWYPVZN",7,"QHRYNTL","QHRYNTL",7,1,0.92
"ID_7MDFWYPVZN",3,"YLK","YLK",3,1,0.92
"ID_FHUXCN0MSC",3,"PHL","PHL",3,1,0.96
"ID_FHUXCN0MSC",5,"KNPRS","KNPRS",5,1,0.96
"ID_FHUXCN0MSC",6,"PFQJYK","PFQJYK",6,1,0.96
"ID_FHUXCN0MSC",7,"NYFRJLQ","NYFRLJQ",5,0,0.96
"ID_FHUXCN0MSC",4,"HYQK","HYQK",4,1,0.96
"ID_2EY4N9T4MC",6,"HJKFTL","HJKF0L",5,0,0.92
"ID_2EY4N9T4MC",3,"LRN","LRN",3,1,0.92
"ID_2EY4N9T4MC",7,"RLSHFPT","RLSHFPT",7,1,0.92
"ID_2EY4N9T4MC",4,"FSKJ","FSKJ",4,1,0.92
"ID_2EY4N9T4MC",5,"NPTFL","NPTFL",5,1,0.92
"ID_X2JMFJSRUW",5,"KYJSL","KYJSL",5,1,0.92
"ID_X2JMFJSRUW",4,"YTQL","YTQL",4,1,0.92
"ID_X2JMFJSRUW",3,"YFQ","YFQ",3,1,0.92
"ID_X2JMFJSRUW",7,"YHJQKFN","YHJQKFN",7,1,0.92
"ID_X2JMFJSRUW",6,"TNPQRS","TNPQRS",6,1,0.92
"ID_ZO22EVAVMV",4,"KHNF","KHNF",4,1,0.92
"ID_ZO22EVAVMV",5,"NPRYF","NPRYF",5,1,0.92
"ID_ZO22EVAVMV",6,"TFQKPL","TFKQLP",2,0,0.92
"ID_ZO22EVAVMV",7,"SNHPYTJ","NFHP0T",3,0,0.92
"ID_ZO22EVAVMV",3,"KSR","KSR",3,1,0.92
"ID_F6XV6JSHLK",5,"HJFNQ","HJNQ",2,0,0.96
"ID_F6XV6JSHLK",7,"YFLQJTH","YFLQP",4,0,0.96
"ID_F6XV6JSHLK",3,"YSF","YLP",1,0,0.96
"ID_F6XV6JSHLK",4,"RNFS","00NS",1,0,0.96
"ID_F6XV6JSHLK",6,"YFSHRP","YFSHT",4,0,0.96
"ID_PUFXZHUG86",7,"KSPNLYJ","00JY",0,0,0.96
"ID_PUFXZHUG86",4,"RFLY","RFLY",4,1,0.96
"ID_PUFXZHUG86",6,"YRHFLT","0RHFL",4,0,0.96
"ID_PUFXZHUG86",5,"HSQLJ","HSLJ",2,0,0.96
"ID_PUFXZHUG86",3,"FLY","FLY",3,1,0.96
"ID_3EEDKBJ7BL",4,"HSQR","HSQR",4,1,0.96
"ID_3EEDKBJ7BL",3,"PYN","PYN",3,1,0.96
"ID_3EEDKBJ7BL",6,"SKFYQP","SKFYPQ",4,0,0.96
"ID_3EEDKBJ7BL",7,"STHRQLP","00HRQLP",5,0,0.96
"ID_3EEDKBJ7BL",5,"YFNKH","YFNKH",5,1,0.96
"ID_FISEQIYML8",3,"FRY","FRY",3,1,1
"ID_FISEQIYML8",5,"PHRSQ","PHRSQ",5,1,1
"ID_FISEQIYML8",7,"SJKTPHR","SJKTPR",5,0,1
"ID_FISEQIYML8",4,"TQPR","TQPR",4,1,1
"ID_FISEQIYML8",6,"TQJSNH","TQJSNH",6,1,1
"ID_HBI4GEG4BT",4,"NTLH","NTLH",4,1,1
"ID_HBI4GEG4BT",5,"PFQHY","PFQHY",5,1,1
"ID_HBI4GEG4BT",7,"YQSPKTJ","YQSPKTJ",7,1,1
"ID_HBI4GEG4BT",6,"LHQTNF","LHQTNF",6,1,1
"ID_HBI4GEG4BT",3,"SHP","SHP",3,1,1
"ID_HY8U5PGYS8",7,"QLTNFSH","QLTNFSH",7,1,0.96
"ID_HY8U5PGYS8",3,"YRS","YRS",3,1,0.96
"ID_HY8U5PGYS8",5,"KPYFL","KPYFL",5,1,0.96
"ID_HY8U5PGYS8",6,"YRPHFL","YRPHFL",6,1,0.96
"ID_HY8U5PGYS8",4,"JHYQ","JHYQ",4,1,0.96
"ID_YMJ7PKXCG3",4,"TYLS","TYLS",4,1,0.96
"ID_YMJ7PKXCG3",7,"LYHFPQN","LYHFPQN",7,1,0.96
"ID_YMJ7PKXCG3",6,"YSRHLQ","YSRHL",5,0,0.96
"ID_YMJ7PKXCG3",5,"RYFTH","000TH",2,0,0.96
"ID_YMJ7PKXCG3",3,"YLS","YLS",3,1,0.96
"ID_V5WXL1HWMR",5,"PKHRT","PKHRT",5,1,0.92
"ID_V5WXL1HWMR",4,"FYTP","FYTP",4,1,0.92
"ID_V5WXL1HWMR",6,"RHSLYT","RHSLYT",6,1,0.92
"ID_V5WXL1HWMR",3,"JRT","JRT",3,1,0.92
"ID_V5WXL1HWMR",7,"TRKHSYF","TRKHSYF",7,1,0.92
"ID_BLJWFHWM37",3,"HTQ","RTQ",2,0,0.96
"ID_BLJWFHWM37",6,"QLHTFJ","QLHTFQ",5,0,0.96
"ID_BLJWFHWM37",4,"TSNF","QSTF",2,0,0.96
"ID_BLJWFHWM37",7,"KPJSHNR","KPJHSNR",5,0,0.96
"ID_BLJWFHWM37",5,"JRHSF","JRHSF",5,1,0.96
"ID_HLVWCDULXM",3,"RPQ","RPQ",3,1,1
"ID_HLVWCDULXM",7,"LKJHTNY","LKJHTNY",7,1,1
"ID_HLVWCDULXM",6,"LFTJKP","LFTJKP",6,1,1
"ID_HLVWCDULXM",4,"QPSL","QPSL",4,1,1
"ID_HLVWCDULXM",5,"KHSFP","KHFSP",3,0,1
"ID_G0V85E0J2M",5,"HFLSJ","HFLSQ",4,0,0.92
"ID_G0V85E0J2M",7,"FTKSJHY","FTKSJQ",5,0,0.92
"ID_G0V85E0J2M",3,"PFQ","PFQ",3,1,0.92
"ID_G0V85E0J2M",4,"JQKH","JQKH",4,1,0.92
"ID_G0V85E0J2M",6,"NYQHPJ","NYQJ0P",3,0,0.92
"ID_L0AI8K9JU9",5,"LNPSQ","LNPSQ",5,1,1
"ID_L0AI8K9JU9",7,"TPFYHNJ","TPFYHN",6,0,1
"ID_L0AI8K9JU9",3,"YNT","YNT",3,1,1
"ID_L0AI8K9JU9",6,"PHQLKN","PHQLNY",4,0,1
"ID_L0AI8K9JU9",4,"PJKF","PJKF",4,1,1
"ID_W15YXLE4QF",6,"JTSPQK","JTSPQK",6,1,0.96
"ID_W15YXLE4QF",4,"YHLS","YHLS",4,1,0.96
"ID_W15YXLE4QF",5,"YQHSJ","YQHSJ",5,1,0.96
"ID_W15YXLE4QF",7,"LYKPTRH","LYKPTR0",6,0,0.96
"ID_W15YXLE4QF",3,"LTK","LTK",3,1,0.96
"ID_2SZ0AAIF9Y",4,"FHJP","FHJP",4,1,1
"ID_2SZ0AAIF9Y",6,"RHKSTP","RHKST",5,0,1
"ID_2SZ0AAIF9Y",3,"QLH","QLH",3,1,1
"ID_2SZ0AAIF9Y",5,"SLPHQ","SLPHQ",5,1,1
"ID_2SZ0AAIF9Y",7,"SYFHLQK","SYFHQ0",4,0,1
"ID_DII9SD82PC",5,"NRTLH","NRTLH",5,1,0.96
"ID_DII9SD82PC",7,"JFTSYLH","JFTSYLH",7,1,0.96
"ID_DII9SD82PC",6,"LHNPST","LHNPST",6,1,0.96
"ID_DII9SD82PC",3,"THN","THN",3,1,0.96
"ID_DII9SD82PC",4,"YPHN","YPHN",4,1,0.96
"ID_9TNN6A8SXK",5,"KYFLQ","KFYQ",1,0,1
"ID_9TNN6A8SXK",6,"TQHFSL","KTRL",0,0,1
"ID_9TNN6A8SXK",3,"YQH","YQH",3,1,1
"ID_9TNN6A8SXK",7,"RKPJSYQ","RKSQ0",2,0,1
"ID_9TNN6A8SXK",4,"FNLP","0SP",0,0,1
"ID_WBTNJU6511",7,"QRSLHPF","QRSLF",4,0,0.96
"ID_WBTNJU6511",3,"QLS","QLS",3,1,0.96
"ID_WBTNJU6511",5,"LNTHJ","LNTHJ",5,1,0.96
"ID_WBTNJU6511",6,"NQYFHR","NQYHF",3,0,0.96
"ID_WBTNJU6511",4,"TPRY","TPRY",4,1,0.96
"ID_GDY335JWI6",7,"NHLQYTF","NHLQYTF",7,1,0.92
"ID_GDY335JWI6",4,"RNKY","RNKY",4,1,0.92
"ID_GDY335JWI6",6,"KRFLNJ","KRFLNJ",6,1,0.92
"ID_GDY335JWI6",3,"NKH","NKH",3,1,0.92
"ID_GDY335JWI6",5,"JTHSQ","JTHSQ",5,1,0.92
"ID_KTT7IMECZQ",4,"LHJS","LHJS",4,1,1
"ID_KTT7IMECZQ",6,"RJHTLF","RJHTLF",6,1,1
"ID_KTT7IMECZQ",7,"RHQKNYF","RHQKNYF",7,1,1
"ID_KTT7IMECZQ",3,"KNQ","KNQ",3,1,1
"ID_KTT7IMECZQ",5,"NYHQF","KYHQF",4,0,1
"ID_AHSRBV9DNK",7,"YHRLPJF","0YTRF",0,0,0.88
"ID_AHSRBV9DNK",3,"SNJ","SNJ",3,1,0.88
"ID_AHSRBV9DNK",4,"JTYH","STYH",3,0,0.88
"ID_AHSRBV9DNK",5,"SQNKJ","SQNYJ",4,0,0.88
"ID_AHSRBV9DNK",6,"NLRTYH","SLRTYH",5,0,0.88
"ID_PY9E040B5W",3,"YTP","YTP",3,1,0.96
"ID_PY9E040B5W",4,"FPRJ","FPRJ",4,1,0.96
"ID_PY9E040B5W",7,"LNFQHKY","LNFQHKY",7,1,0.96
"ID_PY9E040B5W",5,"TNYHK","TNYHK",5,1,0.96
"ID_PY9E040B5W",6,"QFLHPT","QFLHPT",6,1,0.96
"ID_TFESR7UTZ5",5,"FKLPQ","FKLPQ",5,1,0.92
"ID_TFESR7UTZ5",4,"YTPS","YPTS",2,0,0.92
"ID_TFESR7UTZ5",7,"QSJPRFH","000TK",0,0,0.92
"ID_TFESR7UTZ5",6,"HKRTFS","HKRTFS",6,1,0.92
"ID_TFESR7UTZ5",3,"JLT","JLT",3,1,0.92
"ID_JKUMTG2QH5",4,"RPYT","RPYT",4,1,1
"ID_JKUMTG2QH5",7,"FSYNKPT","FSYNKPT",7,1,1
"ID_JKUMTG2QH5",5,"NPYTF","NPYTF",5,1,1
"ID_JKUMTG2QH5",6,"TRKLNY","TRKLNY",6,1,1
"ID_JKUMTG2QH5",3,"JNK","JNK",3,1,1
"ID_XFWJKJNP0A",5,"NLSYQ","LSYQ",0,0,0.96
"ID_XFWJKJNP0A",3,"TRL","TRL",3,1,0.96
"ID_XFWJKJNP0A",6,"QTPYLR","QTPYLR",6,1,0.96
"ID_XFWJKJNP0A",7,"HPLKSJT","LHPLKSJT",0,0,0.96
"ID_XFWJKJNP0A",4,"YNST","YNST",4,1,0.96
"ID_DW5PTDIP4J",6,"JNKPLT","JPNKL",2,0,0.92
"ID_DW5PTDIP4J",4,"HKTN","HKTN",4,1,0.92
"ID_DW5PTDIP4J",5,"PFHSL","PFHSL",5,1,0.92
"ID_DW5PTDIP4J",7,"FTQYNSL","000SL",0,0,0.92
"ID_DW5PTDIP4J",3,"QYJ","QYJ",3,1,0.92
"ID_6QMYRYJ2ID",4,"KHQY","KHQY",4,1,0.92
"ID_6QMYRYJ2ID",6,"JPYRFQ","JPYQ",3,0,0.92
"ID_6QMYRYJ2ID",5,"LKFTQ","LKFTQ",5,1,0.92
"ID_6QMYRYJ2ID",7,"STYPHRQ","STYPRQ",4,0,0.92
"ID_6QMYRYJ2ID",3,"SRT","SRT",3,1,0.92
"ID_ZR8AUN3AWS",7,"LRKJFYP","<font style=""vertical-align: inherit;""><font style=""vertical-align: inherit;"">L</font></font><font style=""vertical-align: inherit;""><font style=""vertical-align: inherit;"">R</font></font><font style=""vertical-align: inherit;""><font style=""vertical-align: inherit;"">K</font></font><font style=""vertical-align: inherit;""><font style=""vertical-align: inherit;"">J</font></font><font style=""vertical-align: inherit;""><font style=""vertical-align: inherit;"">Leave empty</font></font>",0,0,0.96
"ID_ZR8AUN3AWS",3,"LKY","<font style=""vertical-align: inherit;""><font style=""vertical-align: inherit;"">K</font></font><font style=""vertical-align: inherit;""><font style=""vertical-align: inherit;"">Y</font></font>",0,0,0.96
"ID_ZR8AUN3AWS",5,"PRQHT","<font style=""vertical-align: inherit;""><font style=""vertical-align: inherit;"">P</font></font><font style=""vertical-align: inherit;""><font style=""vertical-align: inherit;"">R</font></font><font style=""vertical-align: inherit;""><font style=""vertical-align: inherit;"">Q</font></font><font style=""vertical-align: inherit;""><font style=""vertical-align: inherit;"">H</font></font><font style=""vertical-align: inherit;""><font style=""vertical-align: inherit;"">T</font></font>",0,0,0.96
"ID_ZR8AUN3AWS",4,"SKLJ","<font style=""vertical-align: inherit;""><font style=""vertical-align: inherit;"">S</font></font><font style=""vertical-align: inherit;""><font style=""vertical-align: inherit;"">K</font></font><font style=""vertical-align: inherit;""><font style=""vertical-align: inherit;"">L</font></font><font style=""vertical-align: inherit;""><font style=""vertical-align: inherit;"">J</font></font>",0,0,0.96
"ID_ZR8AUN3AWS",6,"PHKQJF","<font style=""vertical-align: inherit;""><font style=""vertical-align: inherit;"">P</font></font><font style=""vertical-align: inherit;""><font style=""vertical-align: inherit;"">H</font></font><font style=""vertical-align: inherit;""><font style=""vertical-align: inherit;"">K</font></font><font style=""vertical-align: inherit;""><font style=""vertical-align: inherit;"">Q</font></font><font style=""vertical-align: inherit;""><font style=""vertical-align: inherit;"">F</font></font><font style=""vertical-align: inherit;""><font style=""vertical-align: inherit;"">J</font></font>",0,0,0.96
"ID_0GN5N1TAG1",4,"RFPS","RFPS",4,1,1
"ID_0GN5N1TAG1",5,"LKSQP","LKSQP",5,1,1
"ID_0GN5N1TAG1",7,"HKRTYNJ","HKRTYNJ",7,1,1
"ID_0GN5N1TAG1",6,"TPYFNR","TPYNFR",4,0,1
"ID_0GN5N1TAG1",3,"TFJ","TFJ",3,1,1
"ID_XZ3X1W2OJ8",4,"QLPR","QJSR",2,0,0.92
"ID_XZ3X1W2OJ8",6,"TLPFHK","TLFPK",2,0,0.92
"ID_XZ3X1W2OJ8",3,"SHK","TLK",1,0,0.92
"ID_XZ3X1W2OJ8",5,"QJSHY","QJSHY",5,1,0.92
"ID_XZ3X1W2OJ8",7,"JPNYRKS","QJPNYR",0,0,0.92
"ID_YINSZP4MCK",5,"QYKSP","QYKSP",5,1,1
"ID_YINSZP4MCK",7,"SFNPRLJ","SFNPRLJ",7,1,1
"ID_YINSZP4MCK",6,"THQYNP","THQYNP",6,1,1
"ID_YINSZP4MCK",3,"YJK","YJK",3,1,1
"ID_YINSZP4MCK",4,"LTSP","LTSP",4,1,1
"ID_ROCS9OMKHE",7,"SFRKNHT","SQRNKTTH",3,0,0.92
"ID_ROCS9OMKHE",6,"JFYKHN","0YKN",0,0,0.92
"ID_ROCS9OMKHE",4,"PFJT","KTJ",1,0,0.92
"ID_ROCS9OMKHE",3,"NKP","KP",0,0,0.92
"ID_ROCS9OMKHE",5,"SHTRJ","HTKJ",0,0,0.92
"ID_2260V6976P",4,"RPQS","RPQS",4,1,0.88
"ID_2260V6976P",6,"KLPTYS","KLPTYS",6,1,0.88
"ID_2260V6976P",7,"TLNQKFY","TLNQKFY",7,1,0.88
"ID_2260V6976P",5,"FTHSJ","FTHSJ",5,1,0.88
"ID_2260V6976P",3,"KPJ","KPJ",3,1,0.88
"ID_P5DS82IEEX",3,"RPY","RPY",3,1,1
"ID_P5DS82IEEX",4,"KJNH","KJNH",4,1,1
"ID_P5DS82IEEX",5,"HYTSP","HYTSP",5,1,1
"ID_P5DS82IEEX",6,"STLHYP","STLHYP",6,1,1
"ID_P5DS82IEEX",7,"HTFYKPJ","HTFYKP",6,0,1
"ID_KJUUGEII0L",3,"LJF","LJF",3,1,0.8
"ID_KJUUGEII0L",6,"QRJPNY","QRJPNY",6,1,0.8
"ID_KJUUGEII0L",7,"YHFJRQL","JHRFQ",1,0,0.8
"ID_KJUUGEII0L",4,"TYJH","JHRF",0,0,0.8
"ID_KJUUGEII0L",5,"QHSJF","QHSJF",5,1,0.8
"ID_OW9ZG6SPVQ",7,"RQLHFJP","RQLHFJP",7,1,1
"ID_OW9ZG6SPVQ",5,"RPQTL","RPQTL",5,1,1
"ID_OW9ZG6SPVQ",3,"TJP","TJL",2,0,1
"ID_OW9ZG6SPVQ",6,"LQJSNT","LQJSNT",6,1,1
"ID_OW9ZG6SPVQ",4,"HPFN","HPFN",4,1,1
"ID_7VRDPOX6E9",7,"QKRJSTL","QKRJSTL",7,1,1
"ID_7VRDPOX6E9",5,"NLRFH","NLRFH",5,1,1
"ID_7VRDPOX6E9",4,"PNYQ","PNYQ",4,1,1
"ID_7VRDPOX6E9",3,"HTJ","HTJ",3,1,1
"ID_7VRDPOX6E9",6,"KQYFRN","KQYFRN",6,1,1
"ID_JNWWV2K4BD",5,"STKQL","STKQL",5,1,0.92
"ID_JNWWV2K4BD",7,"STKQJRF","STKQJF",5,0,0.92
"ID_JNWWV2K4BD",3,"KNR","KNR",3,1,0.92
"ID_JNWWV2K4BD",6,"HRSNJP","HRSJNP",4,0,0.92
"ID_JNWWV2K4BD",4,"STPL","STPL",4,1,0.92
"ID_JMBKE1GO4N",4,"KHPF","KHPF",4,1,1
"ID_JMBKE1GO4N",7,"KJLRSTP","KJLRSTP",7,1,1
"ID_JMBKE1GO4N",6,"JPFKYT","JPFKYT",6,1,1
"ID_JMBKE1GO4N",5,"TFYHP","TFYHP",5,1,1
"ID_JMBKE1GO4N",3,"FKS","FKS",3,1,1
"ID_4QJHCFYM6L",7,"HTNSPYK","HTNSPYK",7,1,0.96
"ID_4QJHCFYM6L",6,"YFHRJT","YFHRJT",6,1,0.96
"ID_4QJHCFYM6L",5,"JHRYP","JHRYP",5,1,0.96
"ID_4QJHCFYM6L",3,"YPQ","YPQ",3,1,0.96
"ID_4QJHCFYM6L",4,"FQHK","FQHK",4,1,0.96
"ID_JYAJ164HBG",4,"YPJK","YPJK",4,1,1
"ID_JYAJ164HBG",5,"FLSHN","FLSHN",5,1,1
"ID_JYAJ164HBG",7,"FSRPLQK","FSRPLQK",7,1,1
"ID_JYAJ164HBG",3,"HTJ","HTJ",3,1,1
"ID_JYAJ164HBG",6,"PNFRJT","PNFRJT",6,1,1
"ID_BY3FVB6E6C",4,"HQSR","HQSR",4,1,1
"ID_BY3FVB6E6C",3,"KRL","KRL",3,1,1
"ID_BY3FVB6E6C",7,"QYSLNFK","QYSLNFK",7,1,1
"ID_BY3FVB6E6C",5,"SQJFY","SQJFY",5,1,1
"ID_BY3FVB6E6C",6,"JSNYQK","JSNYQK",6,1,1
"ID_F9UT85PCQ5",6,"HKJFTN","HKJFTN",6,1,1
"ID_F9UT85PCQ5",7,"QTJSNKF","QTJSNKF",7,1,1
"ID_F9UT85PCQ5",4,"TNJR","TNJR",4,1,1
"ID_F9UT85PCQ5",5,"PLNHT","PLNHT",5,1,1
"ID_F9UT85PCQ5",3,"PKR","PKR",3,1,1
"ID_ARXKBKK658",6,"PJKFSH","PJKFSH",6,1,0.96
"ID_ARXKBKK658",5,"KHSLY","KHSLY",5,1,0.96
"ID_ARXKBKK658",3,"PNQ","PNQ",3,1,0.96
"ID_ARXKBKK658",7,"QFSLJHT","QFSLJHT",7,1,0.96
"ID_ARXKBKK658",4,"RYHK","RYHK",4,1,0.96
"ID_BGZTQ0GG1X",4,"FTRY","FTRY",4,1,0.96
"ID_BGZTQ0GG1X",5,"NQRLS","NQRLS",5,1,0.96
"ID_BGZTQ0GG1X",7,"TNPQHLR","TNPKHLR",6,0,0.96
"ID_BGZTQ0GG1X",6,"TKQJPL","TKQJPL",6,1,0.96
"ID_BGZTQ0GG1X",3,"PFN","PFN",3,1,0.96
"ID_4B3EFR2YPF",4,"PRNY","FP0Y",1,0,1
"ID_4B3EFR2YPF",6,"HNJPRT","HNJPR",5,0,1
"ID_4B3EFR2YPF",5,"PLHTN","PLHT",4,0,1
"ID_4B3EFR2YPF",7,"QSTJPYF","QSPTF",2,0,1
"ID_4B3EFR2YPF",3,"YTH","YT0",2,0,1
"ID_KL4TVICVCT",4,"TNQH","TNQH",4,1,0.96
"ID_KL4TVICVCT",6,"TSKLFY","TSKLFY",6,1,0.96
"ID_KL4TVICVCT",5,"KHJLN","KHYLN",4,0,0.96
"ID_KL4TVICVCT",3,"QTN","QTN",3,1,0.96
"ID_KL4TVICVCT",7,"RYLSQKJ","RYLSQKJ",7,1,0.96
"ID_ZZ5T5KVD0T",5,"SRPKY","SRPKY",5,1,1
"ID_ZZ5T5KVD0T",4,"FHPN","FHPN",4,1,1
"ID_ZZ5T5KVD0T",3,"JPT","JPT",3,1,1
"ID_ZZ5T5KVD0T",7,"TFNJKYP","TFNJKY",6,0,1
"ID_ZZ5T5KVD0T",6,"QNTKPS","QNTKPS",6,1,1
"ID_HMIIVNUQKC",3,"RJN","RJN",3,1,1
"ID_HMIIVNUQKC",6,"NJRSYF","NJRSYF",6,1,1
"ID_HMIIVNUQKC",5,"FLPSH","FLPSH",5,1,1
"ID_HMIIVNUQKC",7,"JYKSLPT","JYKSLPT",7,1,1
"ID_HMIIVNUQKC",4,"SNKR","SNKR",4,1,1
"ID_OY7PMXF80P",4,"QNFY","QNFY",4,1,1
"ID_OY7PMXF80P",5,"TKNYP","TKNYP",5,1,1
"ID_OY7PMXF80P",7,"QKHFLSR","QK00LSR",5,0,1
"ID_OY7PMXF80P",3,"FLQ","FLQ",3,1,1
"ID_OY7PMXF80P",6,"NTJYFR","NT00FR",4,0,1
"ID_VRB9WWP46Z",6,"HJPYRF","HJPYRF",6,1,0.96
"ID_VRB9WWP46Z",5,"TYQSN","TYQSN",5,1,0.96
"ID_VRB9WWP46Z",4,"JSTN","YSTN",3,0,0.96
"ID_VRB9WWP46Z",3,"JSF","JSF",3,1,0.96
"ID_VRB9WWP46Z",7,"KYJFTLS","KYJFTLS",7,1,0.96
"ID_3DJ0GJO69M",4,"PNRS","PNRS",4,1,0.96
"ID_3DJ0GJO69M",6,"FSRKNY","FSRKNY",6,1,0.96
"ID_3DJ0GJO69M",7,"JKFQTSN","JKFQTSN",7,1,0.96
"ID_3DJ0GJO69M",5,"FRPJT","FRPJT",5,1,0.96
"ID_3DJ0GJO69M",3,"NSL","NSL",3,1,0.96
"ID_U5FZTWOKCY",4,"LYNT","<font style=""vertical-align: inherit;""><font style=""vertical-align: inherit;"">L</font></font><font style=""vertical-align: inherit;""><font style=""vertical-align: inherit;"">Y</font></font><font style=""vertical-align: inherit;""><font style=""vertical-align: inherit;"">N</font></font><font style=""vertical-align: inherit;""><font style=""vertical-align: inherit;"">T</font></font>",0,0,0.92
"ID_U5FZTWOKCY",5,"TQNRS","<font style=""vertical-align: inherit;""><font style=""vertical-align: inherit;"">T</font></font><font style=""vertical-align: inherit;""><font style=""vertical-align: inherit;"">Q</font></font><font style=""vertical-align: inherit;""><font style=""vertical-align: inherit;"">N</font></font><font style=""vertical-align: inherit;""><font style=""vertical-align: inherit;"">R</font></font><font style=""vertical-align: inherit;""><font style=""vertical-align: inherit;"">S</font></font>",0,0,0.92
"ID_U5FZTWOKCY",7,"SFNPLRY","<font style=""vertical-align: inherit;""><font style=""vertical-align: inherit;"">S</font></font><font style=""vertical-align: inherit;""><font style=""vertical-align: inherit;"">F</font></font><font style=""vertical-align: inherit;""><font style=""vertical-align: inherit;"">N</font></font><font style=""vertical-align: inherit;""><font style=""vertical-align: inherit;"">P</font></font><font style=""vertical-align: inherit;""><font style=""vertical-align: inherit;"">L</font></font><font style=""vertical-align: inherit;""><font style=""vertical-align: inherit;"">R</font></font><font style=""vertical-align: inherit;""><font style=""vertical-align: inherit;"">Y</font></font>",0,0,0.92
"ID_U5FZTWOKCY",3,"QPS","<font style=""vertical-align: inherit;""><font style=""vertical-align: inherit;"">Q</font></font><font style=""vertical-align: inherit;""><font style=""vertical-align: inherit;"">P</font></font><font style=""vertical-align: inherit;""><font style=""vertical-align: inherit;"">S</font></font>",0,0,0.92
"ID_U5FZTWOKCY",6,"HSJKFR","<font style=""vertical-align: inherit;""><font style=""vertical-align: inherit;"">H</font></font><font style=""vertical-align: inherit;""><font style=""vertical-align: inherit;"">S</font></font><font style=""vertical-align: inherit;""><font style=""vertical-align: inherit;"">J</font></font><font style=""vertical-align: inherit;""><font style=""vertical-align: inherit;"">K</font></font><font style=""vertical-align: inherit;""><font style=""vertical-align: inherit;"">F</font></font><font style=""vertical-align: inherit;""><font style=""vertical-align: inherit;"">R</font></font>",0,0,0.92
"ID_U7EDBY4H6O",5,"NJKFR","NJKFR",5,1,0.96
"ID_U7EDBY4H6O",3,"TYP","TYP",3,1,0.96
"ID_U7EDBY4H6O",6,"HNTLSP","HNTLSP",6,1,0.96
"ID_U7EDBY4H6O",4,"TSRQ","TSRQ",4,1,0.96
"ID_U7EDBY4H6O",7,"QNRKSJF","QNRKSJF",7,1,0.96
"ID_HPXOVEB1Z0",3,"NYF","NYT",2,0,1
"ID_HPXOVEB1Z0",5,"QSNLR","QS0LR",4,0,1
"ID_HPXOVEB1Z0",4,"HYPF","HYPF",4,1,1
"ID_HPXOVEB1Z0",6,"TPYLKN","T00LKN",4,0,1
"ID_HPXOVEB1Z0",7,"LFNYRPK","LF00RPK",5,0,1
"ID_O8R3DUWQPO",3,"PRT","PRT",3,1,0.96
"ID_O8R3DUWQPO",4,"TPSY","TPSY",4,1,0.96
"ID_O8R3DUWQPO",7,"JQTHSKL","JQTHSKL",7,1,0.96
"ID_O8R3DUWQPO",6,"NSJYFK","NSJYFK",6,1,0.96
"ID_O8R3DUWQPO",5,"JSPKT","0",0,0,0.96
"ID_FOXS0KC3OD",4,"TSQH","TSQH",4,1,0.92
"ID_FOXS0KC3OD",6,"QKFJHS","QKJHS",2,0,0.92
"ID_FOXS0KC3OD",7,"JFYLPHN","JFYPL",3,0,0.92
"ID_FOXS0KC3OD",3,"YKS","YKS",3,1,0.92
"ID_FOXS0KC3OD",5,"TKPYF","SYKPN",0,0,0.92
"ID_LISU7ZNRJB",5,"JYNTH","JYNTH",5,1,1
"ID_LISU7ZNRJB",7,"QKLSPRF","QKLSPRF",7,1,1
"ID_LISU7ZNRJB",3,"RFQ","RFQ",3,1,1
"ID_LISU7ZNRJB",4,"JHPR","JHPR",4,1,1
"ID_LISU7ZNRJB",6,"HRFLTY","HRLFTY",4,0,1
"ID_DHXCRK3RDP",3,"PJK","PJK",3,1,0.92
"ID_DHXCRK3RDP",5,"YFTHQ","YFTHQ",5,1,0.92
"ID_DHXCRK3RDP",6,"TYQNFJ","TYNJ",2,0,0.92
"ID_DHXCRK3RDP",4,"YHFK","YHFK",4,1,0.92
"ID_DHXCRK3RDP",7,"PLKHYRT","PLKHYRT",7,1,0.92
"ID_MT6P7ZDV2N",5,"RJNQL","RJNQL",5,1,0.96
"ID_MT6P7ZDV2N",7,"KRNSTFJ","KRNSTJ",5,0,0.96
"ID_MT6P7ZDV2N",4,"PSKF","PSKF",4,1,0.96
"ID_MT6P7ZDV2N",6,"JFYPLT","JFYPL",5,0,0.96
"ID_MT6P7ZDV2N",3,"HLY","HLY",3,1,0.96
"ID_URY75YEEYJ",6,"PNSJFK","PNSFJK",4,0,0.8
"ID_URY75YEEYJ",4,"YSKR","0R",0,0,0.8
"ID_URY75YEEYJ",5,"LFSYQ","LFSYQ",5,1,0.8
"ID_URY75YEEYJ",7,"LHQNTRS","LHTQRS",2,0,0.8
"ID_URY75YEEYJ",3,"FKQ","FKQ",3,1,0.8
"ID_7U2X715SXI",3,"TKQ","TKQ",3,1,0.96
"ID_7U2X715SXI",5,"LSQHK","LSQHK",5,1,0.96
"ID_7U2X715SXI",7,"JFNRLKT","JFRLNKP",3,0,0.96
"ID_7U2X715SXI",4,"LSFN","LSFN",4,1,0.96
"ID_7U2X715SXI",6,"YQJRST","YJQRST",4,0,0.96
"ID_7HF90IG7KE",6,"TPHQKY","NQKJ",0,0,0.84
"ID_7HF90IG7KE",4,"NJYF","NJYF",4,1,0.84
"ID_7HF90IG7KE",5,"TFLNK","TFLNK",5,1,0.84
"ID_7HF90IG7KE",3,"HYF","HYF",3,1,0.84
"ID_7HF90IG7KE",7,"TJRFSHL","TJRFSH",6,0,0.84
"ID_CKBPQX3N8D",6,"PFQNSY","PFQNS",5,0,1
"ID_CKBPQX3N8D",3,"KYF","KJF",2,0,1
"ID_CKBPQX3N8D",7,"LRTNSFP","LRTNSF",6,0,1
"ID_CKBPQX3N8D",4,"HTSR","HTSR",4,1,1
"ID_CKBPQX3N8D",5,"RNLSQ","RNLQ",3,0,1
"ID_C84W8ZY8QZ",5,"PQSNJ","PQSNJ",5,1,0.92
"ID_C84W8ZY8QZ",3,"YPJ","YPJ",3,1,0.92
"ID_C84W8ZY8QZ",4,"FRTJ","FRTJ",4,1,0.92
"ID_C84W8ZY8QZ",7,"HLPYRKQ","PYKQ",0,0,0.92
"ID_C84W8ZY8QZ",6,"YFKQPL","YFKQPL",6,1,0.92
"ID_HK5VCSPSIM",6,"RFTNKY","<font style=""vertical-align: inherit;""><font style=""vertical-align: inherit;"">Leave empty</font></font><font style=""vertical-align: inherit;""><font style=""vertical-align: inherit;"">Leave empty</font></font><font style=""vertical-align: inherit;""><font style=""vertical-align: inherit;"">S</font></font><font style=""vertical-align: inherit;""><font style=""vertical-align: inherit;"">K</font></font><font style=""vertical-align: inherit;""><font style=""vertical-align: inherit;"">J</font></font><font style=""vertical-align: inherit;""><font style=""vertical-align: inherit;"">AND</font></font>",0,0,0.84
"ID_HK5VCSPSIM",5,"FHPJQ","<font style=""vertical-align: inherit;""><font style=""vertical-align: inherit;"">F</font></font><font style=""vertical-align: inherit;""><font style=""vertical-align: inherit;"">H</font></font><font style=""vertical-align: inherit;""><font style=""vertical-align: inherit;"">P</font></font><font style=""vertical-align: inherit;""><font style=""vertical-align: inherit;"">S</font></font><font style=""vertical-align: inherit;""><font style=""vertical-align: inherit;"">Q</font></font>",0,0,0.84
"ID_HK5VCSPSIM",7,"KQYHPNF","<font style=""vertical-align: inherit;""><font style=""vertical-align: inherit;"">K</font></font><font style=""vertical-align: inherit;""><font style=""vertical-align: inherit;"">Q</font></font><font style=""vertical-align: inherit;""><font style=""vertical-align: inherit;"">AND</font></font><font style=""vertical-align: inherit;""><font style=""vertical-align: inherit;"">H</font></font><font style=""vertical-align: inherit;""><font style=""vertical-align: inherit;"">P</font></font><font style=""vertical-align: inherit;""><font style=""vertical-align: inherit;"">N</font></font><font style=""vertical-align: inherit;""><font style=""vertical-align: inherit;"">F</font></font>",0,0,0.84
"ID_HK5VCSPSIM",4,"RTLQ","<font style=""vertical-align: inherit;""><font style=""vertical-align: inherit;"">Leave empty</font></font><font style=""vertical-align: inherit;""><font style=""vertical-align: inherit;"">F</font></font><font style=""vertical-align: inherit;""><font style=""vertical-align: inherit;"">Q</font></font>",0,0,0.84
"ID_HK5VCSPSIM",3,"TSL","<font style=""vertical-align: inherit;""><font style=""vertical-align: inherit;"">N</font></font><font style=""vertical-align: inherit;""><font style=""vertical-align: inherit;"">S</font></font><font style=""vertical-align: inherit;""><font style=""vertical-align: inherit;"">L</font></font>",0,0,0.84
"ID_HL1IIV2OEQ",3,"HTN","<font style=""vertical-align: inherit;""><font style=""vertical-align: inherit;"">H</font></font><font style=""vertical-align: inherit;""><font style=""vertical-align: inherit;"">T</font></font><font style=""vertical-align: inherit;""><font style=""vertical-align: inherit;"">N</font></font>",0,0,0.96
"ID_HL1IIV2OEQ",7,"SFYJQRP","<font style=""vertical-align: inherit;""><font style=""vertical-align: inherit;"">S</font></font><font style=""vertical-align: inherit;""><font style=""vertical-align: inherit;"">F</font></font><font style=""vertical-align: inherit;""><font style=""vertical-align: inherit;"">Y</font></font><font style=""vertical-align: inherit;""><font style=""vertical-align: inherit;"">J</font></font><font style=""vertical-align: inherit;""><font style=""vertical-align: inherit;"">Q</font></font><font style=""vertical-align: inherit;""><font style=""vertical-align: inherit;"">R</font></font><font style=""vertical-align: inherit;""><font style=""vertical-align: inherit;"">P</font></font>",0,0,0.96
"ID_HL1IIV2OEQ",5,"QNYPK","<font style=""vertical-align: inherit;""><font style=""vertical-align: inherit;"">Q</font></font><font style=""vertical-align: inherit;""><font style=""vertical-align: inherit;"">N</font></font><font style=""vertical-align: inherit;""><font style=""vertical-align: inherit;"">Y</font></font><font style=""vertical-align: inherit;""><font style=""vertical-align: inherit;"">P</font></font><font style=""vertical-align: inherit;""><font style=""vertical-align: inherit;"">K</font></font>",0,0,0.96
"ID_HL1IIV2OEQ",6,"TSFYQH","<font style=""vertical-align: inherit;""><font style=""vertical-align: inherit;"">T</font></font><font style=""vertical-align: inherit;""><font style=""vertical-align: inherit;"">S</font></font><font style=""vertical-align: inherit;""><font style=""vertical-align: inherit;"">F</font></font><font style=""vertical-align: inherit;""><font style=""vertical-align: inherit;"">Y</font></font><font style=""vertical-align: inherit;""><font style=""vertical-align: inherit;"">Q</font></font><font style=""vertical-align: inherit;""><font style=""vertical-align: inherit;"">H</font></font>",0,0,0.96
"ID_HL1IIV2OEQ",4,"YNJP","<font style=""vertical-align: inherit;""><font style=""vertical-align: inherit;"">Y</font></font><font style=""vertical-align: inherit;""><font style=""vertical-align: inherit;"">N</font></font><font style=""vertical-align: inherit;""><font style=""vertical-align: inherit;"">J</font></font><font style=""vertical-align: inherit;""><font style=""vertical-align: inherit;"">P</font></font>",0,0,0.96
"ID_UTIZ5PGMZW",7,"KHTQYSJ","KHTQYSJ",7,1,0.92
"ID_UTIZ5PGMZW",4,"RJFK","RJFK",4,1,0.92
"ID_UTIZ5PGMZW",6,"YJHQRS","YJHQRS",6,1,0.92
"ID_UTIZ5PGMZW",3,"RQS","RQS",3,1,0.92
"ID_UTIZ5PGMZW",5,"JQLRH","JQLRH",5,1,0.92
"ID_8B7VG4BD1J",7,"YLJFSHR","YLFSHR",2,0,0.92
"ID_8B7VG4BD1J",4,"HJRP","HJRP",4,1,0.92
"ID_8B7VG4BD1J",5,"YPRQF","YPRQF",5,1,0.92
"ID_8B7VG4BD1J",3,"JFR","JFR",3,1,0.92
"ID_8B7VG4BD1J",6,"SPHFTN","SPHFTN",6,1,0.92
"ID_DDLHMVB4ML",4,"JQPY","<font style=""vertical-align: inherit;""><font style=""vertical-align: inherit;"">J</font></font><font style=""vertical-align: inherit;""><font style=""vertical-align: inherit;"">Q</font></font><font style=""vertical-align: inherit;""><font style=""vertical-align: inherit;"">P</font></font><font style=""vertical-align: inherit;""><font style=""vertical-align: inherit;"">Y</font></font>",0,0,0.84
"ID_DDLHMVB4ML",3,"NFK","<font style=""vertical-align: inherit;""><font style=""vertical-align: inherit;"">N</font></font><font style=""vertical-align: inherit;""><font style=""vertical-align: inherit;"">F</font></font><font style=""vertical-align: inherit;""><font style=""vertical-align: inherit;"">K</font></font>",0,0,0.84
"ID_DDLHMVB4ML",6,"JTQLHY","<font style=""vertical-align: inherit;""><font style=""vertical-align: inherit;"">J</font></font><font style=""vertical-align: inherit;""><font style=""vertical-align: inherit;"">T</font></font><font style=""vertical-align: inherit;""><font style=""vertical-align: inherit;"">Q</font></font><font style=""vertical-align: inherit;""><font style=""vertical-align: inherit;"">L</font></font><font style=""vertical-align: inherit;""><font style=""vertical-align: inherit;"">Y</font></font>",0,0,0.84
"ID_DDLHMVB4ML",5,"LJRNP","<font style=""vertical-align: inherit;""><font style=""vertical-align: inherit;"">L</font></font><font style=""vertical-align: inherit;""><font style=""vertical-align: inherit;"">J</font></font><font style=""vertical-align: inherit;""><font style=""vertical-align: inherit;"">R</font></font><font style=""vertical-align: inherit;""><font style=""vertical-align: inherit;"">N</font></font><font style=""vertical-align: inherit;""><font style=""vertical-align: inherit;"">P</font></font>",0,0,0.84
"ID_DDLHMVB4ML",7,"HFQYNSK","<font style=""vertical-align: inherit;""><font style=""vertical-align: inherit;"">H</font></font><font style=""vertical-align: inherit;""><font style=""vertical-align: inherit;"">F</font></font><font style=""vertical-align: inherit;""><font style=""vertical-align: inherit;"">Y</font></font><font style=""vertical-align: inherit;""><font style=""vertical-align: inherit;"">Leave empty</font></font><font style=""vertical-align: inherit;""><font style=""vertical-align: inherit;"">Leave empty</font></font><font style=""vertical-align: inherit;""><font style=""vertical-align: inherit;"">Leave empty</font></font>",0,0,0.84
"ID_RLY5LN4ZL3",5,"RYTSH","RYTSH",5,1,0.92
"ID_RLY5LN4ZL3",6,"PSYFHR","PSYFR",4,0,0.92
"ID_RLY5LN4ZL3",3,"KTH","KTH",3,1,0.92
"ID_RLY5LN4ZL3",7,"SKLYFTR","HKRFT",1,0,0.92
"ID_RLY5LN4ZL3",4,"RYQT","RYQT",4,1,0.92
"ID_5NKLXPNKO4",5,"RYJQH","RYJQH",5,1,0.88
"ID_5NKLXPNKO4",4,"SPFL","SPFL",4,1,0.88
"ID_5NKLXPNKO4",6,"HNFKQS","HNFQS",3,0,0.88
"ID_5NKLXPNKO4",7,"KPTLNHQ","KPTLHNQ",5,0,0.88
"ID_5NKLXPNKO4",3,"HNF","HNF",3,1,0.88
"ID_1BPR7LEAL4",5,"SPFTQ","SPFTQ",5,1,0.84
"ID_1BPR7LEAL4",7,"KHQFJYS","KHQFJY",6,0,0.84
"ID_1BPR7LEAL4",3,"LST","LFT",2,0,0.84
"ID_1BPR7LEAL4",6,"TKYSLF","TKYLF",3,0,0.84
"ID_1BPR7LEAL4",4,"KRFT","KFT",1,0,0.84
"ID_COSLLIZG1O",6,"NJLRST","NJLST",3,0,0.96
"ID_COSLLIZG1O",5,"RJYHK","RJYHK",5,1,0.96
"ID_COSLLIZG1O",4,"LTQF","LTQF",4,1,0.96
"ID_COSLLIZG1O",7,"YNHFPRQ","YNHFPQ",5,0,0.96
"ID_COSLLIZG1O",3,"TFQ","TFQ",3,1,0.96
"ID_U8FF8MKTRO",6,"YRLHQP","YRLQHP",4,0,1
"ID_U8FF8MKTRO",3,"YRK","YRK",3,1,1
"ID_U8FF8MKTRO",4,"SLNR","SLNR",4,1,1
"ID_U8FF8MKTRO",5,"TNJKP","TNYKP",4,0,1
"ID_U8FF8MKTRO",7,"KHJYTRS","KHJYT00",5,0,1
"ID_NLPC2YX45I",4,"NLPR","LKR",0,0,0.96
"ID_NLPC2YX45I",6,"LRPJKQ","LRPJKQ",6,1,0.96
"ID_NLPC2YX45I",7,"FJTQNLR","FJTQNLR",7,1,0.96
"ID_NLPC2YX45I",5,"PNHJR","PNHJR",5,1,0.96
"ID_NLPC2YX45I",3,"NQF","NQF",3,1,0.96
"ID_RLDIU8C8VE",5,"PJTNF","PJTNF",5,1,0.92
"ID_RLDIU8C8VE",6,"SKFQYN","SKFQY",5,0,0.92
"ID_RLDIU8C8VE",7,"HJRSFLN","HJRSFLN",7,1,0.92
"ID_RLDIU8C8VE",4,"SYFK","RJFK",2,0,0.92
"ID_RLDIU8C8VE",3,"QKR","QKR",3,1,0.92
"ID_BDKH1UBT48",5,"YSKFH","YSK0H",4,0,0.88
"ID_BDKH1UBT48",7,"QRYJHKF","QRYJHKF",7,1,0.88
"ID_BDKH1UBT48",4,"NFPQ","NFPQ",4,1,0.88
"ID_BDKH1UBT48",3,"HRQ","HRQ",3,1,0.88
"ID_BDKH1UBT48",6,"TSJNFK","TSJNFK",6,1,0.88
"ID_27G3KGM0SK",5,"KTHQY","KTHQY",5,1,1
"ID_27G3KGM0SK",7,"KRNTSYJ","KRNTSYJ",7,1,1
"ID_27G3KGM0SK",6,"LFNRQJ","LFNRQJ",6,1,1
"ID_27G3KGM0SK",3,"PFN","PFN",3,1,1
"ID_27G3KGM0SK",4,"FHKS","FHKS",4,1,1
"ID_OEE12RSUXG",7,"PFHNSLK","PFHNS0",5,0,1
"ID_OEE12RSUXG",5,"QJKSF","QJKRS",3,0,1
"ID_OEE12RSUXG",3,"RTY","RTY",3,1,1
"ID_OEE12RSUXG",4,"JTNL","JTNL",4,1,1
"ID_OEE12RSUXG",6,"QPHLNJ","QPHLNJ",6,1,1
"ID_ED4RPW1T2N",3,"KQP","<font style=""vertical-align: inherit;""><font style=""vertical-align: inherit;"">K</font></font><font style=""vertical-align: inherit;""><font style=""vertical-align: inherit;"">Q</font></font><font style=""vertical-align: inherit;""><font style=""vertical-align: inherit;"">P</font></font>",0,0,0.92
"ID_ED4RPW1T2N",5,"NFLTS","<font style=""vertical-align: inherit;""><font style=""vertical-align: inherit;"">N</font></font><font style=""vertical-align: inherit;""><font style=""vertical-align: inherit;"">F</font></font><font style=""vertical-align: inherit;""><font style=""vertical-align: inherit;"">L</font></font><font style=""vertical-align: inherit;""><font style=""vertical-align: inherit;"">T</font></font><font style=""vertical-align: inherit;""><font style=""vertical-align: inherit;"">S</font></font>",0,0,0.92
"ID_ED4RPW1T2N",7,"LKFNYQJ","<font style=""vertical-align: inherit;""><font style=""vertical-align: inherit;"">L</font></font><font style=""vertical-align: inherit;""><font style=""vertical-align: inherit;"">K</font></font><font style=""vertical-align: inherit;""><font style=""vertical-align: inherit;"">F</font></font><font style=""vertical-align: inherit;""><font style=""vertical-align: inherit;"">N</font></font><font style=""vertical-align: inherit;""><font style=""vertical-align: inherit;"">Y</font></font><font style=""vertical-align: inherit;""><font style=""vertical-align: inherit;"">Q</font></font><font style=""vertical-align: inherit;""><font style=""vertical-align: inherit;"">J</font></font>",0,0,0.92
"ID_ED4RPW1T2N",4,"NYRK","<font style=""vertical-align: inherit;""><font style=""vertical-align: inherit;"">N</font></font><font style=""vertical-align: inherit;""><font style=""vertical-align: inherit;"">Y</font></font><font style=""vertical-align: inherit;""><font style=""vertical-align: inherit;"">R</font></font><font style=""vertical-align: inherit;""><font style=""vertical-align: inherit;"">K</font></font>",0,0,0.92
"ID_ED4RPW1T2N",6,"YFHPTR","<font style=""vertical-align: inherit;""><font style=""vertical-align: inherit;"">Y</font></font><font style=""vertical-align: inherit;""><font style=""vertical-align: inherit;"">F</font></font><font style=""vertical-align: inherit;""><font style=""vertical-align: inherit;"">H</font></font><font style=""vertical-align: inherit;""><font style=""vertical-align: inherit;"">P</font></font><font style=""vertical-align: inherit;""><font style=""vertical-align: inherit;"">T</font></font><font style=""vertical-align: inherit;""><font style=""vertical-align: inherit;"">R</font></font>",0,0,0.92
"ID_Y4QTF1SDIX",5,"QKJLT","QKJLT",5,1,0.96
"ID_Y4QTF1SDIX",7,"YFJNKPL","YFJNKPL",7,1,0.96
"ID_Y4QTF1SDIX",4,"STKP","STKP",4,1,0.96
"ID_Y4QTF1SDIX",6,"PNSRQH","PNSRQH",6,1,0.96
"ID_Y4QTF1SDIX",3,"LRK","LRK",3,1,0.96
"ID_GINX172LE6",5,"SKLQP","SKLQP",5,1,1
"ID_GINX172LE6",4,"SLFT","SLFT",4,1,1
"ID_GINX172LE6",6,"RJNLFQ","RJNLFQ",6,1,1
"ID_GINX172LE6",3,"KJH","KJH",3,1,1
"ID_GINX172LE6",7,"YHJRLKS","YHJRLKS",7,1,1
"ID_XGS73O0XJA",5,"KJFTN","KJFTN",5,1,0.96
"ID_XGS73O0XJA",3,"NQF","NQF",3,1,0.96
"ID_XGS73O0XJA",4,"SHKN","SHKN",4,1,0.96
"ID_XGS73O0XJA",7,"PKQTYNF","PKQTYNF",7,1,0.96
"ID_XGS73O0XJA",6,"RHYFTP","RHYFTP",6,1,0.96
"ID_TOXCR3W149",5,"JKFNR","JKFNR",5,1,1
"ID_TOXCR3W149",3,"PJQ","PJQ",3,1,1
"ID_TOXCR3W149",6,"JRNYTP","JYRNT",2,0,1
"ID_TOXCR3W149",4,"TKNP","TKNP",4,1,1
"ID_TOXCR3W149",7,"NFPTKYR","NFPTKY",6,0,1
"ID_0CEGQ7PNCX",4,"YTNQ","YTNQ",4,1,0.96
"ID_0CEGQ7PNCX",6,"FSLJYT","FSLJYT",6,1,0.96
"ID_0CEGQ7PNCX",7,"QPKSJRT","QPKSJRT",7,1,0.96
"ID_0CEGQ7PNCX",3,"NFH","NFH",3,1,0.96
"ID_0CEGQ7PNCX",5,"PLHTJ","PLHTJ",5,1,0.96
"ID_AA5E7NJPXP",4,"LYNS","LYNS",4,1,1
"ID_AA5E7NJPXP",6,"TQJLSH","TQJLSH",6,1,1
"ID_AA5E7NJPXP",7,"KPQLSYT","LPQSYT",2,0,1
"ID_AA5E7NJPXP",3,"PRN","PRN",3,1,1
"ID_AA5E7NJPXP",5,"TNPYF","TNPYF",5,1,1
"ID_1SP93E5QZE",6,"QHSYPT","QHS0PT",5,0,0.96
"ID_1SP93E5QZE",3,"PQS","PQS",3,1,0.96
"ID_1SP93E5QZE",5,"YTNQR","YT0QR",4,0,0.96
"ID_1SP93E5QZE",7,"PYQSKJN","0YQS00N",4,0,0.96
"ID_1SP93E5QZE",4,"RQNH","RQNH",4,1,0.96
"ID_BKU9G7QW1I",4,"HNPJ","HNPJ",4,1,1
"ID_BKU9G7QW1I",6,"JTPQSK","JTPQS",5,0,1
"ID_BKU9G7QW1I",3,"RQJ","RQJ",3,1,1
"ID_BKU9G7QW1I",5,"NPTFR","NPTFR",5,1,1
"ID_BKU9G7QW1I",7,"JNHSKYT","JNHS0YT",6,0,1
"ID_UXJL5B76YN",4,"PTQN","PTQN",4,1,1
"ID_UXJL5B76YN",5,"SRJYK","SRJYK",5,1,1
"ID_UXJL5B76YN",7,"LHFTYNQ","LHFTNYQ",5,0,1
"ID_UXJL5B76YN",6,"KTNQRF","KTNQRF",6,1,1
"ID_UXJL5B76YN",3,"NKQ","NKQ",3,1,1
"ID_MSC5G80MXJ",3,"KPL","KPL",3,1,1
"ID_MSC5G80MXJ",4,"TPSN","TPSN",4,1,1
"ID_MSC5G80MXJ",7,"QLFSJHY","QLFSJHY",7,1,1
"ID_MSC5G80MXJ",6,"HRQJLY","HRQJLY",6,1,1
"ID_MSC5G80MXJ",5,"PYLJK","PYLJT",4,0,1
"ID_MUT02V7RK3",6,"FYRJTL","FYJRL",2,0,1
"ID_MUT02V7RK3",3,"YQJ","YJQ",1,0,1
"ID_MUT02V7RK3",5,"JLRPN","JRLPN",3,0,1
"ID_MUT02V7RK3",4,"HYFP","HY0P",3,0,1
"ID_MUT02V7RK3",7,"TRQJHYP","TRJQH0Y",3,0,1
"ID_U01JNCD2YJ",4,"FNKY","FNKY",4,1,0.96
"ID_U01JNCD2YJ",3,"JLF","JLF",3,1,0.96
"ID_U01JNCD2YJ",5,"NTJYP","NTJYP",5,1,0.96
"ID_U01JNCD2YJ",6,"QPYTHF","QPYTHF",6,1,0.96
"ID_U01JNCD2YJ",7,"LTYKNSQ","LTYKNSQ",7,1,0.96
"ID_XBKGRGH4UH",6,"FYQNJS","FYQNJS",6,1,0.96
"ID_XBKGRGH4UH",3,"HNK","HNK",3,1,0.96
"ID_XBKGRGH4UH",4,"TKSF","TKSF",4,1,0.96
"ID_XBKGRGH4UH",5,"PKTNR","PKTNR",5,1,0.96
"ID_XBKGRGH4UH",7,"SPNFJTQ","SPNFJKQ",6,0,0.96
"ID_5WXDO9CU7F",7,"JLQPSNY","JLQPNSY",5,0,1
"ID_5WXDO9CU7F",5,"HJTYQ","HJTYQ",5,1,1
"ID_5WXDO9CU7F",3,"SLR","SLR",3,1,1
"ID_5WXDO9CU7F",6,"JSTFNH","JSTFN",5,0,1
"ID_5WXDO9CU7F",4,"PSFH","PSFH",4,1,1
"ID_GCPDLOA78H",3,"RSJ","RSJ",3,1,1
"ID_GCPDLOA78H",7,"KSPRJLT","KSPRJLT",7,1,1
"ID_GCPDLOA78H",6,"NJKHTY","NJKHTY",6,1,1
"ID_GCPDLOA78H",5,"PTJHF","PTJHF",5,1,1
"ID_GCPDLOA78H",4,"RQFS","RQFS",4,1,1
"ID_FB5SC6Q6X4",5,"YPKSQ","YPKSQ",5,1,0.92
"ID_FB5SC6Q6X4",3,"QJS","QJS",3,1,0.92
"ID_FB5SC6Q6X4",4,"QSRY","QSRY",4,1,0.92
"ID_FB5SC6Q6X4",7,"QRHKPFN","QRHPKFN",5,0,0.92
"ID_FB5SC6Q6X4",6,"JTPFYL","JTPFY",5,0,0.92
"ID_2M5QLG0DER",4,"QHTY","QHTY",4,1,0.96
"ID_2M5QLG0DER",5,"FHSPL","FHSPL",5,1,0.96
"ID_2M5QLG0DER",7,"NKRLSYJ","NHRLYJ",3,0,0.96
"ID_2M5QLG0DER",6,"TNYKJH","TNYJK",3,0,0.96
"ID_2M5QLG0DER",3,"FTY","FTY",3,1,0.96
"ID_WF0FWF3RZ1",5,"PRHJQ","PRHJQ",5,1,1
"ID_WF0FWF3RZ1",3,"PHQ","PHQ",3,1,1
"ID_WF0FWF3RZ1",4,"FHYL","FHYL",4,1,1
"ID_WF0FWF3RZ1",7,"SFPJTQN","SFPJTQN",7,1,1
"ID_WF0FWF3RZ1",6,"SFHTYN","SFHTYN",6,1,1
"ID_UM8BDBXZYU",4,"QHPT","QHPT",4,1,1
"ID_UM8BDBXZYU",5,"NPRLK","NPRLT",4,0,1
"ID_UM8BDBXZYU",3,"PNH","PNH",3,1,1
"ID_UM8BDBXZYU",6,"JHPKRN","JHPKRN",6,1,1
"ID_UM8BDBXZYU",7,"JFYLQKP","JLYFQ",3,0,1
"ID_I9QISTMMQU",3,"RPL","RPL",3,1,0.96
"ID_I9QISTMMQU",5,"KQFJN","RQFJN",4,0,0.96
"ID_I9QISTMMQU",7,"TYQKFJH","TYQKFJ",6,0,0.96
"ID_I9QISTMMQU",6,"YLJPKT","YPKJF",1,0,0.96
"ID_I9QISTMMQU",4,"PTHS","PTHS",4,1,0.96
"ID_D1VTCMQYN3",6,"RFSTHY","KFSTHY",5,0,0.96
"ID_D1VTCMQYN3",4,"RYKT","RYKT",4,1,0.96
"ID_D1VTCMQYN3",5,"PLFSJ","PLFJ",3,0,0.96
"ID_D1VTCMQYN3",7,"TKYQPFH","TKYQFH",4,0,0.96
"ID_D1VTCMQYN3",3,"TRF","TRF",3,1,0.96
"ID_SZLQDS7BKP",3,"LRP","LRP",3,1,0.96
"ID_SZLQDS7BKP",7,"RFTLNQH","RFTLNQ",6,0,0.96
"ID_SZLQDS7BKP",6,"RHFYJP","RHFYJP",6,1,0.96
"ID_SZLQDS7BKP",4,"SKNQ","SKNQ",4,1,0.96
"ID_SZLQDS7BKP",5,"TLJPS","TLJPS",5,1,0.96
"ID_11Z4QL9AZV",7,"THRKNSY","KTRNY",1,0,0.8
"ID_11Z4QL9AZV",3,"YLF","YLF",3,1,0.8
"ID_11Z4QL9AZV",4,"NSYR","NSYR",4,1,0.8
"ID_11Z4QL9AZV",5,"YHRKL","YHRKL",5,1,0.8
"ID_11Z4QL9AZV",6,"RKPYNF","RKPYNS",5,0,0.8
"ID_NJP8HWU1ZX",7,"YNSRHFP","YNS0FQ",3,0,0.96
"ID_NJP8HWU1ZX",5,"SYQRH","SYQRH",5,1,0.96
"ID_NJP8HWU1ZX",3,"KSQ","KSQ",3,1,0.96
"ID_NJP8HWU1ZX",4,"SRFH","SR0H",3,0,0.96
"ID_NJP8HWU1ZX",6,"RQYJNF","RQYJNF",6,1,0.96
"ID_MGFXRJ86QB",7,"LHRQPTN","LHQPRNT",2,0,0.96
"ID_MGFXRJ86QB",6,"PRTSFN","PRTSFN",6,1,0.96
"ID_MGFXRJ86QB",5,"RTKYP","RTKYP",5,1,0.96
"ID_MGFXRJ86QB",3,"PYQ","PYQ",3,1,0.96
"ID_MGFXRJ86QB",4,"LRYT","LRYT",4,1,0.96
